<Anims>
 <anim name="burnt" root="crate_wooden_present" numframes="200" framerate="40">
  <frame idx="0" w="301" h="293" x="-13.500000" y="-133.500000">
   <element name="crate_wooden_present" layername="crate_woode" frame="0" z_index="15" m_a="1.000000" m_b="0.000000" m_c="0.000000" m_d="1.000000" m_tx="-136.000000" m_ty="-253.000000"/>
  </frame>
  <frame idx="25" w="301" h="293" x="-13.500000" y="-133.500000">
   <element name="crate_wooden_present" layername="crate_woode" frame="0" z_index="15" m_a="1.000000" m_b="0.000000" m_c="0.000000" m_d="1.000000" m_tx="-136.000000" m_ty="-253.000000"/>
  </frame>
  <frame idx="50" w="301" h="293" x="-13.500000" y="-133.500000">
   <element name="crate_wooden_present" layername="crate_woode" frame="0" z_index="15" m_a="1.000000" m_b="0.000000" m_c="0.000000" m_d="1.000000" m_tx="-136.000000" m_ty="-253.000000"/>
  </frame>
  <frame idx="75" w="301" h="293" x="-13.500000" y="-133.500000">
   <element name="crate_wooden_present" layername="crate_woode" frame="0" z_index="15" m_a="1.000000" m_b="0.000000" m_c="0.000000" m_d="1.000000" m_tx="-136.000000" m_ty="-253.000000"/>
  </frame>
  <frame idx="100" w="301" h="293" x="-13.500000" y="-133.500000">
   <element name="crate_wooden_present" layername="crate_woode" frame="0" z_index="15" m_a="1.000000" m_b="0.000000" m_c="0.000000" m_d="1.000000" m_tx="-136.000000" m_ty="-253.000000"/>
  </frame>
  <frame idx="125" w="301" h="293" x="-13.500000" y="-133.500000">
   <element name="crate_wooden_present" layername="crate_woode" frame="0" z_index="15" m_a="1.000000" m_b="0.000000" m_c="0.000000" m_d="1.000000" m_tx="-136.000000" m_ty="-253.000000"/>
  </frame>
  <frame idx="150" w="301" h="293" x="-13.500000" y="-133.500000">
   <element name="crate_wooden_present" layername="crate_woode" frame="0" z_index="15" m_a="1.000000" m_b="0.000000" m_c="0.000000" m_d="1.000000" m_tx="-136.000000" m_ty="-253.000000"/>
  </frame>
  <frame idx="175" w="301" h="293" x="-13.500000" y="-133.500000">
   <element name="crate_wooden_present" layername="crate_woode" frame="0" z_index="15" m_a="1.000000" m_b="0.000000" m_c="0.000000" m_d="1.000000" m_tx="-136.000000" m_ty="-253.000000"/>
  </frame>
 </anim>
 <anim name="close" root="crate_wooden_present" numframes="225" framerate="40">
  <frame idx="0" w="569" h="592" x="56.500000" y="-221.557098">
   <element name="crate_wooden_present" layername="crate_wooden_ope" frame="1" z_index="14" m_a="1.200000" m_b="0.000000" m_c="0.000000" m_d="1.260000" m_tx="-176.000000" m_ty="-280.000061"/>
   <element name="crate_wooden_present" layername="crate_woode" frame="3" z_index="15" m_a="1.145080" m_b="-0.106263" m_c="0.092403" m_d="0.995722" m_tx="-41.842216" m_ty="-430.615570"/>
  </frame>
  <frame idx="25" w="574" h="600" x="58.000000" y="-226.057587">
   <element name="crate_wooden_present" layername="crate_wooden_ope" frame="1" z_index="14" m_a="1.200000" m_b="0.000000" m_c="0.000000" m_d="1.270000" m_tx="-176.000000" m_ty="-283.235199"/>
   <element name="crate_wooden_present" layername="crate_woode" frame="3" z_index="15" m_a="1.141558" m_b="-0.139089" m_c="0.120947" m_d="0.992659" m_tx="-45.539711" m_ty="-427.939972"/>
  </frame>
  <frame idx="50" w="577" h="604" x="59.500000" y="-227.103882">
   <element name="crate_wooden_present" layername="crate_wooden_ope" frame="1" z_index="14" m_a="1.200000" m_b="0.000000" m_c="0.000000" m_d="1.280000" m_tx="-176.000000" m_ty="-285.470337"/>
   <element name="crate_wooden_present" layername="crate_woode" frame="3" z_index="15" m_a="1.138555" m_b="-0.161840" m_c="0.140730" m_d="0.990048" m_tx="-48.013031" m_ty="-423.933594"/>
  </frame>
  <frame idx="75" w="577" h="610" x="59.500000" y="-229.532715">
   <element name="crate_wooden_present" layername="crate_wooden_ope" frame="1" z_index="14" m_a="1.200000" m_b="0.000000" m_c="0.000000" m_d="1.290000" m_tx="-176.000000" m_ty="-287.705475"/>
   <element name="crate_wooden_present" layername="crate_woode" frame="3" z_index="15" m_a="1.137534" m_b="-0.168867" m_c="0.146841" m_d="0.989160" m_tx="-48.762154" m_ty="-426.183899"/>
  </frame>
  <frame idx="100" w="581" h="618" x="61.500000" y="-232.719116">
   <element name="crate_wooden_present" layername="crate_wooden_ope" frame="1" z_index="14" m_a="1.200000" m_b="0.000000" m_c="0.000000" m_d="1.300000" m_tx="-176.000000" m_ty="-289.940613"/>
   <element name="crate_wooden_present" layername="crate_woode" frame="3" z_index="15" m_a="1.133236" m_b="-0.195645" m_c="0.170126" m_d="0.985422" m_tx="-50.551788" m_ty="-424.069183"/>
  </frame>
  <frame idx="125" w="579" h="608" x="60.500000" y="-229.527588">
   <element name="crate_wooden_present" layername="crate_wooden_ope" frame="1" z_index="14" m_a="1.200000" m_b="0.000000" m_c="0.000000" m_d="1.280000" m_tx="-176.000000" m_ty="-285.470337"/>
   <element name="crate_wooden_present" layername="crate_woode" frame="3" z_index="15" m_a="1.136853" m_b="-0.173391" m_c="0.150775" m_d="0.988568" m_tx="-48.490631" m_ty="-423.776428"/>
  </frame>
  <frame idx="150" w="577" h="604" x="59.395355" y="-227.090057">
   <element name="crate_wooden_present" layername="crate_wooden_ope" frame="1" z_index="14" m_a="1.200000" m_b="0.000000" m_c="0.000000" m_d="1.275000" m_tx="-176.000000" m_ty="-284.102753"/>
   <element name="crate_wooden_present" layername="crate_woode" frame="3" z_index="15" m_a="1.139280" m_b="-0.156656" m_c="0.136223" m_d="0.990678" m_tx="-46.893467" m_ty="-425.526672"/>
   <element name="crate_wooden_present" layername="crate_woode" frame="2" z_index="15" m_a="1.200000" m_b="0.000000" m_c="0.000000" m_d="1.270000" m_tx="-176.104645" m_ty="-282.355957"/>
   <element name="crate_wooden_present" layername="crate_woode" frame="4" z_index="14" m_a="1.100000" m_b="0.000000" m_c="0.000000" m_d="1.300000" m_tx="-139.000000" m_ty="-371.000000"/>
  </frame>
  <frame idx="175" w="575" h="600" x="58.395355" y="-225.615479">
   <element name="crate_wooden_present" layername="crate_wooden_ope" frame="1" z_index="14" m_a="1.200000" m_b="0.000000" m_c="0.000000" m_d="1.270000" m_tx="-176.000000" m_ty="-282.735199"/>
   <element name="crate_wooden_present" layername="crate_woode" frame="3" z_index="15" m_a="1.141460" m_b="-0.139887" m_c="0.121641" m_d="0.992574" m_tx="-45.252750" m_ty="-427.250397"/>
   <element name="crate_wooden_present" layername="crate_woode" frame="2" z_index="15" m_a="1.200000" m_b="0.000000" m_c="0.000000" m_d="1.260000" m_tx="-176.104645" m_ty="-280.127747"/>
   <element name="crate_wooden_present" layername="crate_woode" frame="4" z_index="14" m_a="1.100000" m_b="0.000000" m_c="0.000000" m_d="1.300000" m_tx="-139.000000" m_ty="-371.000000"/>
   <element name="crate_wooden_present" layername="crate_woode" frame="4" z_index="14" m_a="1.100000" m_b="0.000000" m_c="0.000000" m_d="1.300000" m_tx="-139.000000" m_ty="-370.000000"/>
  </frame>
  <frame idx="200" w="572" h="597" x="57.895355" y="-223.604340">
   <element name="crate_wooden_present" layername="crate_wooden_ope" frame="1" z_index="14" m_a="1.200000" m_b="0.000000" m_c="0.000000" m_d="1.265000" m_tx="-176.000000" m_ty="-281.367615"/>
   <element name="crate_wooden_present" layername="crate_woode" frame="3" z_index="15" m_a="1.143394" m_b="-0.123088" m_c="0.107033" m_d="0.994255" m_tx="-43.568863" m_ty="-428.946899"/>
   <element name="crate_wooden_present" layername="crate_woode" frame="2" z_index="15" m_a="1.200000" m_b="0.000000" m_c="0.000000" m_d="1.260000" m_tx="-176.104645" m_ty="-280.127747"/>
   <element name="crate_wooden_present" layername="crate_woode" frame="4" z_index="14" m_a="1.100000" m_b="0.000000" m_c="0.000000" m_d="1.300000" m_tx="-139.000000" m_ty="-371.000000"/>
   <element name="crate_wooden_present" layername="crate_woode" frame="4" z_index="14" m_a="1.100000" m_b="0.000000" m_c="0.000000" m_d="1.300000" m_tx="-139.000000" m_ty="-370.000000"/>
   <element name="crate_wooden_present" layername="crate_woode" frame="4" z_index="14" m_a="1.100000" m_b="0.000000" m_c="0.000000" m_d="1.300000" m_tx="-139.000000" m_ty="-370.000000"/>
  </frame>
 </anim>
 <anim name="closed" root="crate_wooden_present" numframes="200" framerate="40">
  <frame idx="0" w="390" h="490" x="-17.000000" y="-170.000000">
   <element name="crate_wooden_present" layername="crate_woode" frame="2" z_index="15" m_a="1.200000" m_b="0.000000" m_c="0.000000" m_d="1.260000" m_tx="-176.000000" m_ty="-280.000000"/>
   <element name="crate_wooden_present" layername="crate_woode" frame="4" z_index="14" m_a="1.100000" m_b="0.000000" m_c="0.000000" m_d="1.300000" m_tx="-139.000000" m_ty="-370.000000"/>
  </frame>
  <frame idx="25" w="390" h="490" x="-17.000000" y="-170.000000">
   <element name="crate_wooden_present" layername="crate_woode" frame="2" z_index="15" m_a="1.200000" m_b="0.000000" m_c="0.000000" m_d="1.260000" m_tx="-176.000000" m_ty="-280.000000"/>
   <element name="crate_wooden_present" layername="crate_woode" frame="4" z_index="14" m_a="1.100000" m_b="0.000000" m_c="0.000000" m_d="1.300000" m_tx="-139.000000" m_ty="-370.000000"/>
  </frame>
  <frame idx="50" w="390" h="490" x="-17.000000" y="-170.000000">
   <element name="crate_wooden_present" layername="crate_woode" frame="2" z_index="15" m_a="1.200000" m_b="0.000000" m_c="0.000000" m_d="1.260000" m_tx="-176.000000" m_ty="-280.000000"/>
   <element name="crate_wooden_present" layername="crate_woode" frame="4" z_index="14" m_a="1.100000" m_b="0.000000" m_c="0.000000" m_d="1.300000" m_tx="-139.000000" m_ty="-370.000000"/>
  </frame>
  <frame idx="75" w="390" h="490" x="-17.000000" y="-170.000000">
   <element name="crate_wooden_present" layername="crate_woode" frame="2" z_index="15" m_a="1.200000" m_b="0.000000" m_c="0.000000" m_d="1.260000" m_tx="-176.000000" m_ty="-280.000000"/>
   <element name="crate_wooden_present" layername="crate_woode" frame="4" z_index="14" m_a="1.100000" m_b="0.000000" m_c="0.000000" m_d="1.300000" m_tx="-139.000000" m_ty="-370.000000"/>
  </frame>
  <frame idx="100" w="390" h="490" x="-17.000000" y="-170.000000">
   <element name="crate_wooden_present" layername="crate_woode" frame="2" z_index="15" m_a="1.200000" m_b="0.000000" m_c="0.000000" m_d="1.260000" m_tx="-176.000000" m_ty="-280.000000"/>
   <element name="crate_wooden_present" layername="crate_woode" frame="4" z_index="14" m_a="1.100000" m_b="0.000000" m_c="0.000000" m_d="1.300000" m_tx="-139.000000" m_ty="-370.000000"/>
  </frame>
  <frame idx="125" w="390" h="490" x="-17.000000" y="-170.000000">
   <element name="crate_wooden_present" layername="crate_woode" frame="2" z_index="15" m_a="1.200000" m_b="0.000000" m_c="0.000000" m_d="1.260000" m_tx="-176.000000" m_ty="-280.000000"/>
   <element name="crate_wooden_present" layername="crate_woode" frame="4" z_index="14" m_a="1.100000" m_b="0.000000" m_c="0.000000" m_d="1.300000" m_tx="-139.000000" m_ty="-370.000000"/>
  </frame>
  <frame idx="150" w="390" h="490" x="-17.000000" y="-170.000000">
   <element name="crate_wooden_present" layername="crate_woode" frame="2" z_index="15" m_a="1.200000" m_b="0.000000" m_c="0.000000" m_d="1.260000" m_tx="-176.000000" m_ty="-280.000000"/>
   <element name="crate_wooden_present" layername="crate_woode" frame="4" z_index="14" m_a="1.100000" m_b="0.000000" m_c="0.000000" m_d="1.300000" m_tx="-139.000000" m_ty="-370.000000"/>
  </frame>
  <frame idx="175" w="390" h="490" x="-17.000000" y="-170.000000">
   <element name="crate_wooden_present" layername="crate_woode" frame="2" z_index="15" m_a="1.200000" m_b="0.000000" m_c="0.000000" m_d="1.260000" m_tx="-176.000000" m_ty="-280.000000"/>
   <element name="crate_wooden_present" layername="crate_woode" frame="4" z_index="14" m_a="1.100000" m_b="0.000000" m_c="0.000000" m_d="1.300000" m_tx="-139.000000" m_ty="-370.000000"/>
  </frame>
 </anim>
 <anim name="open" root="crate_wooden_present" numframes="200" framerate="40">
  <frame idx="0" w="390" h="490" x="-17.000000" y="-170.000000">
   <element name="crate_wooden_present" layername="crate_woode" frame="2" z_index="15" m_a="1.200000" m_b="0.000000" m_c="0.000000" m_d="1.260000" m_tx="-176.000000" m_ty="-280.000000"/>
   <element name="crate_wooden_present" layername="crate_woode" frame="4" z_index="14" m_a="1.100000" m_b="0.000000" m_c="0.000000" m_d="1.300000" m_tx="-139.000000" m_ty="-370.000000"/>
  </frame>
  <frame idx="25" w="390" h="499" x="-17.000000" y="-166.500000">
   <element name="crate_wooden_present" layername="crate_woode" frame="2" z_index="15" m_a="1.200000" m_b="0.000000" m_c="0.000000" m_d="1.290000" m_tx="-176.000000" m_ty="-280.000000"/>
   <element name="crate_wooden_present" layername="crate_woode" frame="4" z_index="14" m_a="1.100000" m_b="0.000000" m_c="0.000000" m_d="1.330000" m_tx="-139.000000" m_ty="-370.000000"/>
  </frame>
  <frame idx="50" w="390" h="490" x="-17.000000" y="-170.000000">
   <element name="crate_wooden_present" layername="crate_woode" frame="2" z_index="15" m_a="1.200000" m_b="0.000000" m_c="0.000000" m_d="1.260000" m_tx="-176.000000" m_ty="-280.000000"/>
   <element name="crate_wooden_present" layername="crate_woode" frame="4" z_index="14" m_a="1.100000" m_b="0.000000" m_c="0.000000" m_d="1.300000" m_tx="-139.000000" m_ty="-370.000000"/>
  </frame>
  <frame idx="75" w="574" h="579" x="53.574997" y="-214.779510">
   <element name="crate_wooden_present" layername="crate_woode" frame="1" z_index="14" m_a="1.230000" m_b="0.000000" m_c="0.000000" m_d="1.260000" m_tx="-180.425003" m_ty="-279.999939"/>
   <element name="crate_wooden_present" layername="crate_woode" frame="3" z_index="15" m_a="1.198867" m_b="-0.052134" m_c="0.043445" m_d="0.999056" m_tx="-44.449440" m_ty="-435.117950"/>
  </frame>
  <frame idx="100" w="568" h="579" x="53.050003" y="-214.626617">
   <element name="crate_wooden_present" layername="crate_woode" frame="1" z_index="14" m_a="1.220000" m_b="0.000000" m_c="0.000000" m_d="1.260000" m_tx="-178.949997" m_ty="-279.999939"/>
   <element name="crate_wooden_present" layername="crate_woode" frame="3" z_index="15" m_a="1.173890" m_b="-0.051048" m_c="0.043445" m_d="0.999056" m_tx="-40.222786" m_ty="-435.301758"/>
  </frame>
  <frame idx="125" w="563" h="579" x="52.024994" y="-214.473724">
   <element name="crate_wooden_present" layername="crate_woode" frame="1" z_index="14" m_a="1.210000" m_b="0.000000" m_c="0.000000" m_d="1.260000" m_tx="-177.475006" m_ty="-279.999939"/>
   <element name="crate_wooden_present" layername="crate_woode" frame="3" z_index="15" m_a="1.148914" m_b="-0.049962" m_c="0.043445" m_d="0.999056" m_tx="-35.996151" m_ty="-435.485565"/>
  </frame>
  <frame idx="150" w="561" h="579" x="53.500000" y="-214.473724">
   <element name="crate_wooden_present" layername="crate_woode" frame="1" z_index="14" m_a="1.200000" m_b="0.000000" m_c="0.000000" m_d="1.260000" m_tx="-176.000000" m_ty="-279.999939"/>
   <element name="crate_wooden_present" layername="crate_woode" frame="3" z_index="15" m_a="1.148914" m_b="-0.049962" m_c="0.043445" m_d="0.999056" m_tx="-35.996151" m_ty="-435.485565"/>
  </frame>
  <frame idx="175" w="561" h="579" x="53.500000" y="-214.473724">
   <element name="crate_wooden_present" layername="crate_woode" frame="1" z_index="14" m_a="1.200000" m_b="0.000000" m_c="0.000000" m_d="1.260000" m_tx="-176.000000" m_ty="-279.999939"/>
   <element name="crate_wooden_present" layername="crate_woode" frame="3" z_index="15" m_a="1.148914" m_b="-0.049962" m_c="0.043445" m_d="0.999056" m_tx="-35.996151" m_ty="-435.485565"/>
  </frame>
 </anim>
 <anim name="hit" root="crate_wooden_present" numframes="200" framerate="40">
  <frame idx="0" w="543" h="798" x="82.500122" y="-44.000031">
   <element name="crate_wooden_present" layername="crate_woode" frame="2" z_index="15" m_a="1.200000" m_b="0.000000" m_c="0.000000" m_d="1.260000" m_tx="-0.993374" m_ty="0.631143"/>
   <element name="crate_wooden_present" layername="crate_woode" frame="4" z_index="15" m_a="1.100000" m_b="0.000000" m_c="0.000000" m_d="1.300000" m_tx="-138.999878" m_ty="-370.000031"/>
  </frame>
  <frame idx="25" w="399" h="500" x="-15.076889" y="-171.865143">
   <element name="crate_wooden_present" layername="crate_woode" frame="2" z_index="15" m_a="1.199708" m_b="0.026471" m_c="-0.027794" m_d="1.259693" m_tx="-169.766708" m_ty="-283.792084"/>
   <element name="crate_wooden_present" layername="crate_woode" frame="4" z_index="15" m_a="1.098974" m_b="0.047499" m_c="-0.056136" m_d="1.298787" m_tx="-134.509933" m_ty="-375.865143"/>
  </frame>
  <frame idx="50" w="417" h="521" x="-10.290894" y="-173.557343">
   <element name="crate_wooden_present" layername="crate_woode" frame="2" z_index="15" m_a="1.196945" m_b="0.085579" m_c="-0.089858" m_d="1.256792" m_tx="-155.540909" m_ty="-291.765991"/>
   <element name="crate_wooden_present" layername="crate_woode" frame="4" z_index="14" m_a="1.091810" m_b="0.133980" m_c="-0.158340" m_d="1.290321" m_tx="-125.670746" m_ty="-386.057343"/>
  </frame>
  <frame idx="75" w="399" h="500" x="-15.078278" y="-171.867798">
   <element name="crate_wooden_present" layername="crate_woode" frame="2" z_index="15" m_a="1.199708" m_b="0.026492" m_c="-0.027816" m_d="1.259693" m_tx="-169.761856" m_ty="-283.794983"/>
   <element name="crate_wooden_present" layername="crate_woode" frame="4" z_index="14" m_a="1.098973" m_b="0.047521" m_c="-0.056162" m_d="1.298786" m_tx="-134.507797" m_ty="-375.867798"/>
  </frame>
  <frame idx="100" w="390" h="490" x="-16.999878" y="-170.000061">
   <element name="crate_wooden_present" layername="crate_woode" frame="2" z_index="15" m_a="1.200000" m_b="0.000000" m_c="0.000000" m_d="1.260000" m_tx="-175.999878" m_ty="-279.999817"/>
   <element name="crate_wooden_present" layername="crate_woode" frame="4" z_index="14" m_a="1.100000" m_b="0.000000" m_c="0.000000" m_d="1.300000" m_tx="-138.999893" m_ty="-370.000061"/>
  </frame>
  <frame idx="125" w="395" h="497" x="-18.195068" y="-171.786560">
   <element name="crate_wooden_present" layername="crate_woode" frame="2" z_index="15" m_a="1.199895" m_b="-0.015866" m_c="0.016660" m_d="1.259890" m_tx="-179.695068" m_ty="-277.661377"/>
   <element name="crate_wooden_present" layername="crate_woode" frame="4" z_index="14" m_a="1.099483" m_b="-0.033717" m_c="0.039847" m_d="1.299389" m_tx="-142.030838" m_ty="-365.722443"/>
  </frame>
  <frame idx="150" w="409" h="509" x="-22.731339" y="-171.627045">
   <element name="crate_wooden_present" layername="crate_woode" frame="2" z_index="15" m_a="1.198625" m_b="-0.057436" m_c="0.060308" m_d="1.258556" m_tx="-189.231339" m_ty="-271.301727"/>
   <element name="crate_wooden_present" layername="crate_woode" frame="4" z_index="14" m_a="1.097593" m_b="-0.072724" m_c="0.085947" m_d="1.297156" m_tx="-145.375290" m_ty="-360.655029"/>
  </frame>
  <frame idx="175" w="395" h="497" x="-18.197083" y="-171.785370">
   <element name="crate_wooden_present" layername="crate_woode" frame="2" z_index="15" m_a="1.199895" m_b="-0.015875" m_c="0.016669" m_d="1.259890" m_tx="-179.697083" m_ty="-277.660065"/>
   <element name="crate_wooden_present" layername="crate_woode" frame="4" z_index="14" m_a="1.099483" m_b="-0.033708" m_c="0.039836" m_d="1.299389" m_tx="-142.030014" m_ty="-365.723663"/>
  </frame>
 </anim>
 <anim name="place" root="crate_wooden_present" numframes="300" framerate="40">
  <frame idx="0" w="390" h="520" x="-16.999878" y="-173.538269">
   <element name="crate_wooden_present" layername="crate_woode" frame="2" z_index="15" m_a="1.200000" m_b="0.000000" m_c="0.000000" m_d="1.460000" m_tx="-175.999878" m_ty="-324.386444"/>
   <element name="crate_wooden_present" layername="crate_woode" frame="4" z_index="14" m_a="1.100000" m_b="0.000000" m_c="0.000000" m_d="1.500000" m_tx="-139.000153" m_ty="-385.538269"/>
  </frame>
  <frame idx="25" w="392" h="512" x="-16.729065" y="-172.653717">
   <element name="crate_wooden_present" layername="crate_woode" frame="2" z_index="15" m_a="1.205000" m_b="0.000000" m_c="0.000000" m_d="1.410000" m_tx="-176.729065" m_ty="-313.289795"/>
   <element name="crate_wooden_present" layername="crate_woode" frame="4" z_index="14" m_a="1.105000" m_b="0.000000" m_c="0.000000" m_d="1.450000" m_tx="-139.636505" m_ty="-381.653717"/>
  </frame>
  <frame idx="50" w="392" h="497" x="-16.729065" y="-171.384613">
   <element name="crate_wooden_present" layername="crate_woode" frame="2" z_index="15" m_a="1.205000" m_b="0.000000" m_c="0.000000" m_d="1.310000" m_tx="-176.729065" m_ty="-291.096558"/>
   <element name="crate_wooden_present" layername="crate_woode" frame="4" z_index="14" m_a="1.110000" m_b="0.000000" m_c="0.000000" m_d="1.350000" m_tx="-140.272858" m_ty="-373.884613"/>
  </frame>
  <frame idx="75" w="393" h="492" x="-16.958252" y="-170.553894">
   <element name="crate_wooden_present" layername="crate_woode" frame="2" z_index="15" m_a="1.210000" m_b="0.000000" m_c="0.000000" m_d="1.275000" m_tx="-177.458252" m_ty="-283.328918"/>
   <element name="crate_wooden_present" layername="crate_woode" frame="4" z_index="14" m_a="1.115000" m_b="0.000000" m_c="0.000000" m_d="1.320000" m_tx="-140.909225" m_ty="-371.553894"/>
  </frame>
  <frame idx="100" w="395" h="487" x="-16.541611" y="-169.946228">
   <element name="crate_wooden_present" layername="crate_woode" frame="2" z_index="15" m_a="1.214000" m_b="0.000000" m_c="0.000000" m_d="1.240000" m_tx="-178.041611" m_ty="-275.561310"/>
   <element name="crate_wooden_present" layername="crate_woode" frame="4" z_index="14" m_a="1.119000" m_b="0.000000" m_c="0.000000" m_d="1.280000" m_tx="-141.418304" m_ty="-368.446228"/>
  </frame>
  <frame idx="125" w="393" h="487" x="-16.958252" y="-170.257019">
   <element name="crate_wooden_present" layername="crate_woode" frame="2" z_index="15" m_a="1.210000" m_b="0.000000" m_c="0.000000" m_d="1.244000" m_tx="-177.458252" m_ty="-276.449036"/>
   <element name="crate_wooden_present" layername="crate_woode" frame="4" z_index="14" m_a="1.116000" m_b="0.000000" m_c="0.000000" m_d="1.284000" m_tx="-141.036499" m_ty="-368.757019"/>
  </frame>
  <frame idx="150" w="393" h="488" x="-16.520737" y="-170.067780">
   <element name="crate_wooden_present" layername="crate_woode" frame="2" z_index="15" m_a="1.207000" m_b="0.000000" m_c="0.000000" m_d="1.248000" m_tx="-177.020737" m_ty="-277.336761"/>
   <element name="crate_wooden_present" layername="crate_woode" frame="4" z_index="14" m_a="1.112000" m_b="0.000000" m_c="0.000000" m_d="1.288000" m_tx="-140.527405" m_ty="-369.067780"/>
  </frame>
  <frame idx="175" w="390" h="488" x="-16.708176" y="-170.223145">
   <element name="crate_wooden_present" layername="crate_woode" frame="2" z_index="15" m_a="1.198000" m_b="0.000000" m_c="0.000000" m_d="1.250000" m_tx="-175.708176" m_ty="-277.780640"/>
   <element name="crate_wooden_present" layername="crate_woode" frame="4" z_index="14" m_a="1.110000" m_b="0.000000" m_c="0.000000" m_d="1.290000" m_tx="-140.272858" m_ty="-369.223145"/>
  </frame>
  <frame idx="200" w="389" h="488" x="-16.697754" y="-170.300842">
   <element name="crate_wooden_present" layername="crate_woode" frame="2" z_index="15" m_a="1.194500" m_b="0.000000" m_c="0.000000" m_d="1.251000" m_tx="-175.197754" m_ty="-278.002563"/>
   <element name="crate_wooden_present" layername="crate_woode" frame="4" z_index="14" m_a="1.106500" m_b="0.000000" m_c="0.000000" m_d="1.291000" m_tx="-139.827408" m_ty="-369.300842"/>
  </frame>
  <frame idx="225" w="388" h="489" x="-16.906067" y="-169.956207">
   <element name="crate_wooden_present" layername="crate_woode" frame="2" z_index="15" m_a="1.192500" m_b="0.000000" m_c="0.000000" m_d="1.253000" m_tx="-174.906067" m_ty="-278.446442"/>
   <element name="crate_wooden_present" layername="crate_woode" frame="4" z_index="14" m_a="1.104000" m_b="0.000000" m_c="0.000000" m_d="1.293000" m_tx="-139.509232" m_ty="-369.456207"/>
  </frame>
  <frame idx="250" w="388" h="489" x="-16.614395" y="-170.189301">
   <element name="crate_wooden_present" layername="crate_woode" frame="2" z_index="15" m_a="1.190500" m_b="0.000000" m_c="0.000000" m_d="1.256000" m_tx="-174.614395" m_ty="-279.112244"/>
   <element name="crate_wooden_present" layername="crate_woode" frame="4" z_index="14" m_a="1.102000" m_b="0.000000" m_c="0.000000" m_d="1.296000" m_tx="-139.254684" m_ty="-369.689301"/>
  </frame>
  <frame idx="275" w="389" h="489" x="-16.770676" y="-170.344666">
   <element name="crate_wooden_present" layername="crate_woode" frame="2" z_index="15" m_a="1.195000" m_b="0.000000" m_c="0.000000" m_d="1.258000" m_tx="-175.270676" m_ty="-279.556091"/>
   <element name="crate_wooden_present" layername="crate_woode" frame="4" z_index="14" m_a="1.100500" m_b="0.000000" m_c="0.000000" m_d="1.298000" m_tx="-139.063782" m_ty="-369.844666"/>
  </frame>
 </anim>
</Anims>
