<Anims>
 <anim name="idle" root="rosekey" numframes="300" framerate="40">
  <frame idx="0" w="326" h="240" x="-7.868927" y="-50.100540">
   <element name="rosekey" layername="rosekey" frame="0" z_index="1" m_a="0.993873" m_b="-0.110532" m_c="0.110532" m_d="0.993873" m_tx="-140.868927" m_ty="-117.593613"/>
  </frame>
  <frame idx="25" w="326" h="240" x="-7.868927" y="-50.100540">
   <element name="rosekey" layername="rosekey" frame="0" z_index="1" m_a="0.993873" m_b="-0.110532" m_c="0.110532" m_d="0.993873" m_tx="-140.868927" m_ty="-117.593613"/>
  </frame>
  <frame idx="50" w="326" h="240" x="-7.868927" y="-50.100540">
   <element name="rosekey" layername="rosekey" frame="0" z_index="1" m_a="0.993873" m_b="-0.110532" m_c="0.110532" m_d="0.993873" m_tx="-140.868927" m_ty="-117.593613"/>
  </frame>
  <frame idx="75" w="326" h="240" x="-7.868927" y="-50.100540">
   <element name="rosekey" layername="rosekey" frame="0" z_index="1" m_a="0.993873" m_b="-0.110532" m_c="0.110532" m_d="0.993873" m_tx="-140.868927" m_ty="-117.593613"/>
  </frame>
  <frame idx="100" w="326" h="240" x="-7.868927" y="-50.100540">
   <element name="rosekey" layername="rosekey" frame="0" z_index="1" m_a="0.993873" m_b="-0.110532" m_c="0.110532" m_d="0.993873" m_tx="-140.868927" m_ty="-117.593613"/>
  </frame>
  <frame idx="125" w="326" h="240" x="-7.868927" y="-50.100540">
   <element name="rosekey" layername="rosekey" frame="0" z_index="1" m_a="0.993873" m_b="-0.110532" m_c="0.110532" m_d="0.993873" m_tx="-140.868927" m_ty="-117.593613"/>
  </frame>
  <frame idx="150" w="326" h="240" x="-7.868927" y="-50.100540">
   <element name="rosekey" layername="rosekey" frame="0" z_index="1" m_a="0.993873" m_b="-0.110532" m_c="0.110532" m_d="0.993873" m_tx="-140.868927" m_ty="-117.593613"/>
  </frame>
  <frame idx="175" w="326" h="240" x="-7.868927" y="-50.100540">
   <element name="rosekey" layername="rosekey" frame="0" z_index="1" m_a="0.993873" m_b="-0.110532" m_c="0.110532" m_d="0.993873" m_tx="-140.868927" m_ty="-117.593613"/>
  </frame>
  <frame idx="200" w="326" h="240" x="-7.868927" y="-50.100540">
   <element name="rosekey" layername="rosekey" frame="0" z_index="1" m_a="0.993873" m_b="-0.110532" m_c="0.110532" m_d="0.993873" m_tx="-140.868927" m_ty="-117.593613"/>
  </frame>
  <frame idx="225" w="326" h="240" x="-7.868927" y="-50.100540">
   <element name="rosekey" layername="rosekey" frame="0" z_index="1" m_a="0.993873" m_b="-0.110532" m_c="0.110532" m_d="0.993873" m_tx="-140.868927" m_ty="-117.593613"/>
  </frame>
  <frame idx="250" w="326" h="240" x="-7.868927" y="-50.100540">
   <element name="rosekey" layername="rosekey" frame="0" z_index="1" m_a="0.993873" m_b="-0.110532" m_c="0.110532" m_d="0.993873" m_tx="-140.868927" m_ty="-117.593613"/>
  </frame>
  <frame idx="275" w="326" h="240" x="-7.868927" y="-50.100540">
   <element name="rosekey" layername="rosekey" frame="0" z_index="1" m_a="0.993873" m_b="-0.110532" m_c="0.110532" m_d="0.993873" m_tx="-140.868927" m_ty="-117.593613"/>
  </frame>
 </anim>
</Anims>
